{
  "САО": {
    "median_price_m2": 434.57941948040957,
    "mean_price_m2": 474.61656930361585,
    "count_ads": 5548
  },
  "ЮВАО": {
    "median_price_m2": 349.4623387096774,
    "mean_price_m2": 367.3244963012369,
    "count_ads": 4359
  },
  "ЮЗАО": {
    "median_price_m2": 386.3049095607235,
    "mean_price_m2": 406.6017881388262,
    "count_ads": 3399
  },
  "ЦАО": {
    "median_price_m2": 850.5873040713246,
    "mean_price_m2": 1148.8159667490436,
    "count_ads": 7584
  },
  "НАО (Новомосковский)": {
    "median_price_m2": 285.22535618197384,
    "mean_price_m2": 286.9759021064071,
    "count_ads": 4618
  },
  "СЗАО": {
    "median_price_m2": 486.42039120832897,
    "mean_price_m2": 507.9872501225459,
    "count_ads": 5232
  },
  "ЮАО": {
    "median_price_m2": 430.58749863760215,
    "mean_price_m2": 457.74850394036855,
    "count_ads": 5904
  },
  "ЗАО": {
    "median_price_m2": 513.6115942028986,
    "mean_price_m2": 587.7788041872095,
    "count_ads": 8086
  },
  "СВАО": {
    "median_price_m2": 386.6333333333333,
    "mean_price_m2": 418.7284198526203,
    "count_ads": 4146
  },
  "ВАО": {
    "median_price_m2": 336.82373472949394,
    "mean_price_m2": 360.63831422779566,
    "count_ads": 3625
  },
  "ЗелАО": {
    "median_price_m2": 248.71794871794873,
    "mean_price_m2": 255.79575013416795,
    "count_ads": 429
  },
  "ТАО (Троицкий)": {
    "median_price_m2": 177.46913580246914,
    "mean_price_m2": 202.93270728094515,
    "count_ads": 651
  }
}